0.940323955669224,0.0901960784313725,0
0.944263875889844,0.105299105943747,0
0.948203796110463,0.120402133456122,0
0.948508098891731,0.12505276083036,0
0.948508098891731,0.128828517708453,0
0.94836929411431,0.137393039407544,0
0.948205130771785,0.146832431602778,0
0.948167092924126,0.157722266988987,0
0.948167092924126,0.169049537623268,0
0.948167092924126,0.176462913932696,0
0.948167092924126,0.182126549249837,0
0.948167092924126,0.19358428302828,0
0.948167092924126,0.208687310540655,0
0.948167092924126,0.218725298338514,0
0.948167092924126,0.224388933655654,0
0.948167092924126,0.231786961359886,0
0.948167092924126,0.241226353555121,0
0.948167092924126,0.250665745750355,0
0.948167092924126,0.260105137945589,0
0.948167092924126,0.268393384751161,0
0.948167092924126,0.274057020068301,0
0.948167092924126,0.281813404337316,0
0.948167092924126,0.296670186835902,0
0.948167092924126,0.310144260205571,0
0.948167092924126,0.315807895522712,0
0.948167092924126,0.321765823661209,0
0.948167092924126,0.331451460870232,0
0.948167092924126,0.341137098079255,0
0.948167092924126,0.350577491270481,0
0.948167092924126,0.360016883465715,0
0.948167092924126,0.365987490886766,0
0.948167092924126,0.371651126203906,0
0.948167092924126,0.386846245347454,0
0.948167092924126,0.403837151298876,0
0.948167092924126,0.410728675031657,0
0.948167092924126,0.41450443190975,0
0.948167092924126,0.422171060204904,0
0.948167092924126,0.431610452400138,0
0.948167092924126,0.441049844595373,0
0.948167092924126,0.450489236790607,0
0.948167092924126,0.45791796170523,0
0.948167092924126,0.463581597022371,0
0.948167092924126,0.4744023636852,0
0.948167092924126,0.491393269636622,0
0.948167092924126,0.503388204596907,0
0.948167092924126,0.507163961475001,0
0.948167092924126,0.512643413529795,0
0.948167092924126,0.52208280572503,0
0.948167092924126,0.532366371206017,0
0.948167092924126,0.545581520279345,0
0.948167092924126,0.557691569778596,0
0.948167092924126,0.563355205095737,0
0.948167092924126,0.569410229845363,0
0.948167092924126,0.580737500479644,0
0.948167092924126,0.592064771113925,0
0.948167092924126,0.597774452246652,0
0.948167092924126,0.603438087563792,0
0.948167092924126,0.612555159049921,0
0.948167092924126,0.621994551245155,0
0.948167092924126,0.634389550936515,0
0.948167092924126,0.647358454996054,0
0.948167092924126,0.654774166962794,0
0.948167092924126,0.660437802279935,0
0.948167092924126,0.671258568942764,0
0.948167092924126,0.684473718016092,0
0.948167092924126,0.69311498274116,0
0.948167092924126,0.698778618058301,0
0.948167092924126,0.707435231388564,0
0.948167092924126,0.718762502022846,0
0.948167092924126,0.729200888217109,0
0.948167092924126,0.738558198741081,0
0.948167092924126,0.745858796168855,0
0.948167092924126,0.749716634718212,0
0.948167092924126,0.756424308853977,0
0.948167092924126,0.769885702941093,0
0.948167092924126,0.781995752440345,0
0.948167092924126,0.789301021182744,0
0.948167092924126,0.797447126557592,0
0.948167092924126,0.81066227563092,0
0.948167092924126,0.823525074115412,0
0.948167092924126,0.831322832885388,0
0.948167092924126,0.839120591655364,0
0.948167092924126,0.842945397337017,0
0.948167092924126,0.846721154215111,0
0.948167092924126,0.864025038246389,0
0.948167092924126,0.882657577623068,0
0.948167092924126,0.888909464917593,0
0.948167092924126,0.892685221795687,0
0.948167092924126,0.899502004494472,0
0.948167092924126,0.907299763264448,0
0.948278537144459,0.91621196423775,0
0.948442700486985,0.925651356432984,0
0.948508098891731,0.932671007652614,0
0.948508098891731,0.938088397955966,0
0.948508098891731,0.951683925505878,0
0.948508098891731,0.972696833349182,0
0.951003915562652,0.985157898775949,0
0.956585469208529,0.987045777214996,0
0.963624473017319,0.989632017190438,0
0.973145946883816,0.993407774068532,0
0.977117898976148,0.996630981159587,0
0.967678506780914,0.998518859598634,0
0.959105643448565,1,0
0.953688253145213,1,0
0.947159089961178,1,0
0.933697695874061,1,0
0.920826889421641,1,0
0.917051132543548,1,0
0.913275375665454,1,0
0.905785256330049,1,0
0.898233742573861,1,0
0.88383675090048,1,0
0.868733723388105,1,0
0.859892926795495,1,0
0.852341413039308,1,0
0.841950407321952,1,0
0.830623136687671,1,0
0.823062280302234,1,0
0.817316563313831,1,0
0.807156454005069,1,0
0.794023386603004,1,0
0.782940358990529,1,0
0.773747211809084,1,0
0.766954453014083,1,0
0.763178696135989,1,0
0.756640190322705,1,0
0.745312919688424,1,0
0.735075400023023,1,0
0.727523886266835,1,0
0.718376117570315,1,0
0.703273090057941,1,0
0.689183070488469,1,0
0.681631556732282,1,0
0.674294923448831,1,0
0.670519166570738,1,0
0.666743409692644,1,0
0.647930357372252,1,0
0.628805327967995,1,0
0.623532081087348,1,0
0.619756324209255,1,0
0.614422683903817,1,0
0.608759048586677,1,0
0.600271269913564,1,0
0.59083187771833,1,0
0.58409016971887,1,0
0.578672779415518,1,0
0.564145658263305,1,0
0.54337899543379,1,0
0.531384060473505,1,0
0.527608303595411,1,0
0.522895614469731,1,0
0.516985734138802,1,0
0.507838966438273,1,0
0.492982183939687,1,0
0.4802041364491,1,0
0.472652622692913,1,0
0.46470971950424,1,0
0.455270327309006,1,0
0.446567668163156,1,0
0.442791911285062,1,0
0.438716856605656,1,0
0.429277464410422,1,0
0.419838072215188,1,0
0.406715014773033,1,0
0.393499865699705,1,0
0.385372779248686,1,0
0.377821265492499,1,0
0.36716933348682,1,0
0.355842062852538,1,0
0.347323586969034,1,0
0.339772073212847,1,0
0.328444802578566,1,0
0.315229653505238,1,0
0.305352826061932,1,0
0.297801312305744,1,0
0.29218372280419,1,0
0.288407965926096,1,0
0.280526457158206,1,0
0.267311308084878,1,0
0.256797513525958,1,0
0.251133878208818,1,0
0.243352135374698,1,0
0.23013698630137,1,0
0.218072982617705,1,0
0.210521468861517,1,0
0.203445761866391,1,0
0.199670004988297,1,0
0.195065423429646,1,0
0.174298760600131,1,0
0.153532097770615,1,0
0.149272859828863,1,0
0.145497102950769,1,0
0.138344652929665,1,0
0.130793139173478,1,0
0.121699090595142,1,0
0.112259698399908,1,0
0.105613752350255,1,0
0.0999501170331147,1,0
0.0867810137753734,1,0
0.0697901078239518,1,0
0.0605348988910633,1,0
0.0567591420129696,1,0
0.0501055216607191,1,0
0.0406661294654849,1,0
0.0304132611948891,1,0
0.019085990560608,1,0
0.00976171290433994,1,0
0.00409807758719934,1,0
0,1,0.00260926288323541
0,1,0.0120486550784696
0,1,0.0207359656191243
0,1,0.0263996009362649
0,1,0.0325236944092705
0,1,0.0419630866045048
0,1,0.0515713134568895
0,1,0.0647864625302173
0,1,0.0780016116035452
0,1,0.083910824603814
0,1,0.0895744599209546
0,1,0.101960784313725
0,1,0.115175933387053
0,1,0.12225164038218
0,1,0.127915275699321
0,1,0.13774605732704
0,1,0.149073327961321
0,1,0.159157361574767
0,1,0.168596753770001
0,1,0.1747438701508
0,1,0.178519627028894
0,1,0.188005065039714
0,1,0.203108092552089
0,1,0.214182111200645
0,1,0.219845746517785
0,1,0.227489351905146
0,1,0.238816622539427
0,1,0.249629714899658
0,1,0.259069107094893
0,1,0.267771766240743
0,1,0.273435401557883
0,1,0.280211810751698
0,1,0.295314838264072
0,1,0.309957407620582
0,1,0.313733164498676
0,1,0.31750892137677
0,1,0.326741107401865
0,1,0.336180499597099
0,1,0.347292889758643
0,1,0.358620160392924
0,1,0.365365872376348
0,1,0.371029507693488
0,1,0.383600015348605
0,1,0.39870304286098
0,1,0.407628256782165
0,1,0.413291892099306
0,1,0.421135029354207
0,1,0.430574421549442
0,1,0.440013813744676
0,1,0.449453205939911
0,1,0.457296343194812
0,1,0.462959978511953
0,1,0.471232876712328
0,1,0.484448025785657
0,1,0.495637158973178
0,1,0.501300794290319
0,1,0.508407198495837
0,1,0.521622347569165
0,1,0.534407735697018
0,1,0.543847127892253
0,1,0.553139373676808
0,1,0.55855676398016
0,1,0.563974154283512
0,1,0.578683456706089
0,1,0.593786484218464
0,1,0.599114785878616
0,1,0.603136787770498
0,1,0.611519128199225
0,1,0.620958520394459
0,1,0.630397912589693
0,1,0.639837304784928
0,1,0.645593031733241
0,1,0.649368788611335
0,1,0.662742095051242
0,1,0.683262512866968
0,1,0.695478667941268
0,1,0.699254424819362
0,1,0.704611088032592
0,1,0.712162601788779
0,1,0.721620011911852
0,1,0.734753079313917
0,1,0.745934204533511
0,1,0.751679921521915
0,1,0.758469343663613
0,1,0.769796614297893
0,1,0.780322087143375
0,1,0.784344089035257
0,1,0.788542266221557
0,1,0.797981658416791
0,1,0.807421050612026
0,1,0.820467365028203
0,1,0.833682514101532
0,1,0.841924715091516
0,1,0.849476228847704
0,1,0.860051417827405
0,1,0.871378688461686
0,1,0.878607881508768
0,1,0.884271516825909
0,1,0.894816008595219
0,1,0.908031157668547
0,1,0.918023099650819
0,1,0.925574613407007
0,1,0.931268945934538
0,1,0.935044702812632
0,1,0.943415031289466
0,1,0.958271813788053
0,0.999363032884387,0.969472958927466
0,0.99747515444534,0.973494960819349
0,0.994604965273781,0.978926365066574
0,0.98894132995664,0.988365757261809
0,0.982932351022601,0.996423774989448
0,0.975380837266413,0.998311653428495
0,0.968228387245309,1
0,0.964452630367215,1
0,0.960186385453527,1
0,0.939173477610222,1
0,0.918160569766919,1
0,0.913543976256375,1
0,0.909768219378282,1
0,0.902907726521222,1
0,0.895602457778824,1
0,0.886596830513028,1
0,0.877157438317793,1
0,0.871615924511556,1
0,0.867593922619674,1
0,0.852975377166948,1
0,0.832454959351221,1
0,0.821395955642531,1
0,0.817620198764438,1
0,0.812803406055692,1
0,0.806893525724763,1
0,0.797209223177061,1
0,0.782106195664687,1
0,0.769520339404374,1
0,0.761968825648187,1
0,0.753513412512117,1
0,0.742432386891624,1
0,0.732657994704731,1
0,0.728882237826637,1
0,0.724530908253712,1
0,0.715091516058478,1
0,0.705560032232071,1
0,0.692344883158743,1
0,0.679129734085415,1
0,0.672833802967286,1
0,0.666923922636356,1
0,0.656515566321823,1
0,0.645434540701331,1
0,0.637151298875715,1
0,0.629599785119527,1
0,0.617820064297309,1
0,0.604358670210192,1
0,0.594826185387794,1
0,0.587520916645395,1
0,0.582195617973217,1
0,0.578419861095123,1
0,0.570077894171368,1
0,0.556862745098039,1
0,0.545949886804037,1
0,0.538398373047849,1
0,0.528982003760408,1
0,0.51576685468708,1
0,0.503979125896934,1
0,0.496427612140747,1
0,0.489536088407966,1
0,0.485760331529872,1
0,0.480326925290664,1
0,0.459560262461148,1
0,0.439138943248532,1
0,0.435363186370439,1
0,0.431587429492345,1
0,0.424250796208895,1
0,0.416699282452707,1
0,0.407513142243199,1
0,0.398073750047965,1
0,0.393100801964622,1
0,0.389325045086528,1
0,0.374805264571582,1
0,0.355926480181114,1
0,0.346625225432639,1
0,0.342849468554545,1
0,0.335919573308775,1
0,0.326480181113542,1
0,0.315229653505238,1
0,0.30201450443191,1
0,0.291838379187291,1
0,0.286174743870151,1
0,0.278055331721729,1
0,0.264840182648402,1
0,0.253965695867388,1
0,0.250189938989294,1
0,0.24576954069299,1
0,0.238218026936802,1
0,0.23013698630137,1
0,0.216921837228042,1
0,0.203798779785887,1
0,0.1962472660297,1
0,0.188695752273512,1
0,0.177598710717164,1
0,0.166271440082882,1
0,0.159825025900771,1
0,0.154161390583631,1
0,0.142573193661026,1
0,0.129358044587698,1
0,0.118813552818388,1
0,0.109374160623153,1
0,0.103503319135874,1
0,0.0997275622577798,1
0,0.0907332796132153,1
0,0.0775181305398868,1
0,0.0678945550823069,1
0,0.0622309197651663,1
0,0.0535589578297077,1
0,0.0403438087563792,1
0,0.0283411994934962,1
0,0.0189018072982616,1
0,0.0108437895706228,1
0,0.00706803269252906,1
0,0.00360692222094325,1
0,0.00171904378189633,1
0.000168834657150485,0,1
0.00205671309619741,0,1
0.00396761444303746,0,1
0.0077433713211312,0,1
0.0115191281992247,0,1
0.0119949349602855,0,1
0.0122411799740742,0,1
0.0138954926818852,0,1
0.015783371120932,0,1
0.0191447156587472,0,1
0.0229204725368408,0,1
0.0253685750655236,0,1
0.0272564535045703,0,1
0.0325357063611627,0,1
0.0398409751035612,0,1
0.0441732857526572,0,1
0.0460611641917041,0,1
0.0497294808334294,0,1
0.0553931161505696,0,1
0.0610567514677103,0,1
0.0667203867848507,0,1
0.0712649085840411,0,1
0.0733990320368766,0,1
0.0772261733758424,0,1
0.0864193205572875,0,1
0.0944246191627336,0,1
0.0963124976017804,0,1
0.0985226967499329,0,1
0.104186332067073,0,1
0.109849967384214,0,1
0.115513602701354,0,1
0.121177238018495,0,1
0.12508345804075,0,1
0.128859214918844,0,1
0.142304593070104,0,1
0.15740762058248,0,1
0.163715897317831,0,1
0.167491654195925,0,1
0.173907371167645,0,1
0.181458884923833,0,1
0.190184566977476,0,1
0.19962395917271,0,1
0.207006638271747,0,1
0.212670273588888,0,1
0.221864088100994,0,1
0.235079237174322,0,1
0.244610721000729,0,1
0.248386477878823,0,1
0.253934998656997,0,1
0.263374390852231,0,1
0.274149111699474,0,1
0.289252139211849,0,1
0.303157975518975,0,1
0.310709489275162,0,1
0.318874947239169,0,1
0.333977974751544,0,1
0.349050305053528,0,1
0.356601818809716,0,1
0.364153332565903,0,1
0.376954069298952,0,1
0.39016921837228,0,1
0.401780438202678,0,1
0.413107708836959,0,1
0.420060626990522,0,1
0.425724262307663,0,1
0.439261732090097,0,1
0.456252638041517,0,1
0.468577568013507,0,1
0.478016960208741,0,1
0.493580445876981,0,1
0.514347108706496,0,1
0.530739419055294,0,1
0.542066689689574,0,1
0.551206784083496,0,1
0.556870419400637,0,1
0.568873695994181,0,1
0.595057749127047,0,1
0.616924506550684,0,1
0.624476020306872,0,1
0.633232065905576,0,1
0.648581338431739,0,1
0.663765780284716,0,1
0.676980929358044,0,1
0.690196078431372,0,1
